{
    "loss": 25.211380004882812,
    "accuracy": 0.5686274766921997
}